,Atlas,Representation,Accuracy,acc_std,F1,f1_std,Precision,prec_std,Recall,rec_stds
0,AAL,sFC,58.5,28.28869031963127,0.5290476190476191,0.36805827449472767,0.5583333333333333,0.39799846454198506,0.5666666666666667,0.42295258468165065
1,AAL,ising,53.49999999999999,19.241881404893856,0.5978571428571429,0.2404748939144679,0.5416666666666666,0.2546511775394377,0.7333333333333333,0.3265986323710904
2,AAL,sFC,58.5,28.28869031963127,0.5290476190476191,0.36805827449472767,0.5583333333333333,0.39799846454198506,0.5666666666666667,0.42295258468165065
3,AAL,ising,53.49999999999999,19.241881404893856,0.5978571428571429,0.2404748939144679,0.5416666666666666,0.2546511775394377,0.7333333333333333,0.3265986323710904
4,AAL,sFC,58.5,28.28869031963127,0.5290476190476191,0.36805827449472767,0.5583333333333333,0.39799846454198506,0.5666666666666667,0.42295258468165065
5,AAL,ising,53.49999999999999,19.241881404893856,0.5978571428571429,0.2404748939144679,0.5416666666666666,0.2546511775394377,0.7333333333333333,0.3265986323710904
6,AAL,sFC,58.5,28.28869031963127,0.5290476190476191,0.36805827449472767,0.5583333333333333,0.39799846454198506,0.5666666666666667,0.42295258468165065
7,AAL,ising,53.49999999999999,19.241881404893856,0.5978571428571429,0.2404748939144679,0.5416666666666666,0.2546511775394377,0.7333333333333333,0.3265986323710904
8,AAL,sFC,58.5,28.28869031963127,0.5290476190476191,0.36805827449472767,0.5583333333333333,0.39799846454198506,0.5666666666666667,0.42295258468165065
9,AAL,ising,53.49999999999999,19.241881404893856,0.5978571428571429,0.2404748939144679,0.5416666666666666,0.2546511775394377,0.7333333333333333,0.3265986323710904
10,AAL,sFC,58.5,28.28869031963127,0.5290476190476191,0.36805827449472767,0.5583333333333333,0.39799846454198506,0.5666666666666667,0.42295258468165065
11,AAL,ising,53.49999999999999,19.241881404893856,0.5978571428571429,0.2404748939144679,0.5416666666666666,0.2546511775394377,0.7333333333333333,0.3265986323710904
12,AAL,sFC,58.5,28.28869031963127,0.5290476190476191,0.36805827449472767,0.5583333333333333,0.39799846454198506,0.5666666666666667,0.42295258468165065
13,AAL,ising,53.49999999999999,19.241881404893856,0.5978571428571429,0.2404748939144679,0.5416666666666666,0.2546511775394377,0.7333333333333333,0.3265986323710904
14,AAL,sFC,58.5,28.28869031963127,0.5290476190476191,0.36805827449472767,0.5583333333333333,0.39799846454198506,0.5666666666666667,0.42295258468165065
15,AAL,ising,53.49999999999999,19.241881404893856,0.5978571428571429,0.2404748939144679,0.5416666666666666,0.2546511775394377,0.7333333333333333,0.3265986323710904
16,AAL,sFC,58.5,28.28869031963127,0.5290476190476191,0.36805827449472767,0.5583333333333333,0.39799846454198506,0.5666666666666667,0.42295258468165065
17,AAL,ising,53.49999999999999,19.241881404893856,0.5978571428571429,0.2404748939144679,0.5416666666666666,0.2546511775394377,0.7333333333333333,0.3265986323710904
18,AAL,sFC,58.5,28.28869031963127,0.5290476190476191,0.36805827449472767,0.5583333333333333,0.39799846454198506,0.5666666666666667,0.42295258468165065
19,AAL,ising,53.49999999999999,19.241881404893856,0.5978571428571429,0.2404748939144679,0.5416666666666666,0.2546511775394377,0.7333333333333333,0.3265986323710904
20,AAL,sFC,58.5,28.28869031963127,0.5290476190476191,0.36805827449472767,0.5583333333333333,0.39799846454198506,0.5666666666666667,0.42295258468165065
21,AAL,ising,53.49999999999999,19.241881404893856,0.5978571428571429,0.2404748939144679,0.5416666666666666,0.2546511775394377,0.7333333333333333,0.3265986323710904
22,AAL,sFC,58.5,28.28869031963127,0.5290476190476191,0.36805827449472767,0.5583333333333333,0.39799846454198506,0.5666666666666667,0.42295258468165065
23,AAL,ising,53.49999999999999,19.241881404893856,0.5978571428571429,0.2404748939144679,0.5416666666666666,0.2546511775394377,0.7333333333333333,0.3265986323710904
24,AAL,sFC,58.5,28.28869031963127,0.5290476190476191,0.36805827449472767,0.5583333333333333,0.39799846454198506,0.5666666666666667,0.42295258468165065
25,AAL,ising,53.49999999999999,19.241881404893856,0.5978571428571429,0.2404748939144679,0.5416666666666666,0.2546511775394377,0.7333333333333333,0.3265986323710904
26,AAL,sFC,58.5,28.28869031963127,0.5290476190476191,0.36805827449472767,0.5583333333333333,0.39799846454198506,0.5666666666666667,0.42295258468165065
27,AAL,ising,53.49999999999999,19.241881404893856,0.5978571428571429,0.2404748939144679,0.5416666666666666,0.2546511775394377,0.7333333333333333,0.3265986323710904
28,AAL,sFC,58.5,28.28869031963127,0.5290476190476191,0.36805827449472767,0.5583333333333333,0.39799846454198506,0.5666666666666667,0.42295258468165065
29,AAL,ising,53.49999999999999,19.241881404893856,0.5978571428571429,0.2404748939144679,0.5416666666666666,0.2546511775394377,0.7333333333333333,0.3265986323710904
30,AAL,sFC,58.5,28.28869031963127,0.5290476190476191,0.36805827449472767,0.5583333333333333,0.39799846454198506,0.5666666666666667,0.42295258468165065
31,AAL,ising,53.49999999999999,19.241881404893856,0.5978571428571429,0.2404748939144679,0.5416666666666666,0.2546511775394377,0.7333333333333333,0.3265986323710904
32,AAL,sFC,58.5,28.28869031963127,0.5290476190476191,0.36805827449472767,0.5583333333333333,0.39799846454198506,0.5666666666666667,0.42295258468165065
33,AAL,ising,53.49999999999999,19.241881404893856,0.5978571428571429,0.2404748939144679,0.5416666666666666,0.2546511775394377,0.7333333333333333,0.3265986323710904
34,AAL,sFC,58.5,28.28869031963127,0.5290476190476191,0.36805827449472767,0.5583333333333333,0.39799846454198506,0.5666666666666667,0.42295258468165065
35,AAL,ising,53.49999999999999,19.241881404893856,0.5978571428571429,0.2404748939144679,0.5416666666666666,0.2546511775394377,0.7333333333333333,0.3265986323710904
36,AAL,sFC,58.5,28.28869031963127,0.5290476190476191,0.36805827449472767,0.5583333333333333,0.39799846454198506,0.5666666666666667,0.42295258468165065
37,AAL,ising,53.49999999999999,19.241881404893856,0.5978571428571429,0.2404748939144679,0.5416666666666666,0.2546511775394377,0.7333333333333333,0.3265986323710904
38,AAL,sFC,58.5,28.28869031963127,0.5290476190476191,0.36805827449472767,0.5583333333333333,0.39799846454198506,0.5666666666666667,0.42295258468165065
39,AAL,ising,53.49999999999999,19.241881404893856,0.5978571428571429,0.2404748939144679,0.5416666666666666,0.2546511775394377,0.7333333333333333,0.3265986323710904
40,AAL,sFC,58.5,28.28869031963127,0.5290476190476191,0.36805827449472767,0.5583333333333333,0.39799846454198506,0.5666666666666667,0.42295258468165065
41,AAL,ising,53.49999999999999,19.241881404893856,0.5978571428571429,0.2404748939144679,0.5416666666666666,0.2546511775394377,0.7333333333333333,0.3265986323710904
42,AAL,sFC,58.5,28.28869031963127,0.5290476190476191,0.36805827449472767,0.5583333333333333,0.39799846454198506,0.5666666666666667,0.42295258468165065
43,AAL,ising,53.49999999999999,19.241881404893856,0.5978571428571429,0.2404748939144679,0.5416666666666666,0.2546511775394377,0.7333333333333333,0.3265986323710904
44,AAL,sFC,58.5,28.28869031963127,0.5290476190476191,0.36805827449472767,0.5583333333333333,0.39799846454198506,0.5666666666666667,0.42295258468165065
45,AAL,ising,53.49999999999999,19.241881404893856,0.5978571428571429,0.2404748939144679,0.5416666666666666,0.2546511775394377,0.7333333333333333,0.3265986323710904
46,AAL,sFC,58.5,28.28869031963127,0.5290476190476191,0.36805827449472767,0.5583333333333333,0.39799846454198506,0.5666666666666667,0.42295258468165065
47,AAL,ising,53.49999999999999,19.241881404893856,0.5978571428571429,0.2404748939144679,0.5416666666666666,0.2546511775394377,0.7333333333333333,0.3265986323710904
48,AAL,sFC,58.5,28.28869031963127,0.5290476190476191,0.36805827449472767,0.5583333333333333,0.39799846454198506,0.5666666666666667,0.42295258468165065
49,AAL,ising,53.49999999999999,19.241881404893856,0.5978571428571429,0.2404748939144679,0.5416666666666666,0.2546511775394377,0.7333333333333333,0.3265986323710904
50,AAL,sFC,58.5,28.28869031963127,0.5290476190476191,0.36805827449472767,0.5583333333333333,0.39799846454198506,0.5666666666666667,0.42295258468165065
51,AAL,ising,53.49999999999999,19.241881404893856,0.5978571428571429,0.2404748939144679,0.5416666666666666,0.2546511775394377,0.7333333333333333,0.3265986323710904
52,AAL,sFC,58.5,28.28869031963127,0.5290476190476191,0.36805827449472767,0.5583333333333333,0.39799846454198506,0.5666666666666667,0.42295258468165065
53,AAL,ising,53.49999999999999,19.241881404893856,0.5978571428571429,0.2404748939144679,0.5416666666666666,0.2546511775394377,0.7333333333333333,0.3265986323710904
54,AAL,sFC,58.5,28.28869031963127,0.5290476190476191,0.36805827449472767,0.5583333333333333,0.39799846454198506,0.5666666666666667,0.42295258468165065
55,AAL,ising,53.49999999999999,19.241881404893856,0.5978571428571429,0.2404748939144679,0.5416666666666666,0.2546511775394377,0.7333333333333333,0.3265986323710904
56,AAL,sFC,58.5,28.28869031963127,0.5290476190476191,0.36805827449472767,0.5583333333333333,0.39799846454198506,0.5666666666666667,0.42295258468165065
57,AAL,ising,53.49999999999999,19.241881404893856,0.5978571428571429,0.2404748939144679,0.5416666666666666,0.2546511775394377,0.7333333333333333,0.3265986323710904
58,AAL,sFC,58.5,28.28869031963127,0.5290476190476191,0.36805827449472767,0.5583333333333333,0.39799846454198506,0.5666666666666667,0.42295258468165065
59,AAL,ising,53.49999999999999,19.241881404893856,0.5978571428571429,0.2404748939144679,0.5416666666666666,0.2546511775394377,0.7333333333333333,0.3265986323710904
60,AAL,sFC,58.5,28.28869031963127,0.5290476190476191,0.36805827449472767,0.5583333333333333,0.39799846454198506,0.5666666666666667,0.42295258468165065
61,AAL,ising,53.49999999999999,19.241881404893856,0.5978571428571429,0.2404748939144679,0.5416666666666666,0.2546511775394377,0.7333333333333333,0.3265986323710904
62,AAL,sFC,58.5,28.28869031963127,0.5290476190476191,0.36805827449472767,0.5583333333333333,0.39799846454198506,0.5666666666666667,0.42295258468165065
63,AAL,ising,53.49999999999999,19.241881404893856,0.5978571428571429,0.2404748939144679,0.5416666666666666,0.2546511775394377,0.7333333333333333,0.3265986323710904
64,AAL,sFC,58.5,28.28869031963127,0.5290476190476191,0.36805827449472767,0.5583333333333333,0.39799846454198506,0.5666666666666667,0.42295258468165065
65,AAL,ising,53.49999999999999,19.241881404893856,0.5978571428571429,0.2404748939144679,0.5416666666666666,0.2546511775394377,0.7333333333333333,0.3265986323710904
66,AAL,sFC,58.5,28.28869031963127,0.5290476190476191,0.36805827449472767,0.5583333333333333,0.39799846454198506,0.5666666666666667,0.42295258468165065
67,AAL,ising,53.49999999999999,19.241881404893856,0.5978571428571429,0.2404748939144679,0.5416666666666666,0.2546511775394377,0.7333333333333333,0.3265986323710904
68,AAL,sFC,58.5,28.28869031963127,0.5290476190476191,0.36805827449472767,0.5583333333333333,0.39799846454198506,0.5666666666666667,0.42295258468165065
69,AAL,ising,53.49999999999999,19.241881404893856,0.5978571428571429,0.2404748939144679,0.5416666666666666,0.2546511775394377,0.7333333333333333,0.3265986323710904
70,AAL,sFC,58.5,28.28869031963127,0.5290476190476191,0.36805827449472767,0.5583333333333333,0.39799846454198506,0.5666666666666667,0.42295258468165065
71,AAL,ising,53.49999999999999,19.241881404893856,0.5978571428571429,0.2404748939144679,0.5416666666666666,0.2546511775394377,0.7333333333333333,0.3265986323710904
72,AAL,sFC,58.5,28.28869031963127,0.5290476190476191,0.36805827449472767,0.5583333333333333,0.39799846454198506,0.5666666666666667,0.42295258468165065
73,AAL,ising,53.49999999999999,19.241881404893856,0.5978571428571429,0.2404748939144679,0.5416666666666666,0.2546511775394377,0.7333333333333333,0.3265986323710904
74,AAL,sFC,58.5,28.28869031963127,0.5290476190476191,0.36805827449472767,0.5583333333333333,0.39799846454198506,0.5666666666666667,0.42295258468165065
75,AAL,ising,53.49999999999999,19.241881404893856,0.5978571428571429,0.2404748939144679,0.5416666666666666,0.2546511775394377,0.7333333333333333,0.3265986323710904
76,AAL,sFC,58.5,28.28869031963127,0.5290476190476191,0.36805827449472767,0.5583333333333333,0.39799846454198506,0.5666666666666667,0.42295258468165065
77,AAL,ising,53.49999999999999,19.241881404893856,0.5978571428571429,0.2404748939144679,0.5416666666666666,0.2546511775394377,0.7333333333333333,0.3265986323710904
78,AAL,sFC,58.5,28.28869031963127,0.5290476190476191,0.36805827449472767,0.5583333333333333,0.39799846454198506,0.5666666666666667,0.42295258468165065
79,AAL,ising,53.49999999999999,19.241881404893856,0.5978571428571429,0.2404748939144679,0.5416666666666666,0.2546511775394377,0.7333333333333333,0.3265986323710904
80,AAL,sFC,58.5,28.28869031963127,0.5290476190476191,0.36805827449472767,0.5583333333333333,0.39799846454198506,0.5666666666666667,0.42295258468165065
81,AAL,ising,53.49999999999999,19.241881404893856,0.5978571428571429,0.2404748939144679,0.5416666666666666,0.2546511775394377,0.7333333333333333,0.3265986323710904
82,AAL,sFC,58.5,28.28869031963127,0.5290476190476191,0.36805827449472767,0.5583333333333333,0.39799846454198506,0.5666666666666667,0.42295258468165065
83,AAL,ising,53.49999999999999,19.241881404893856,0.5978571428571429,0.2404748939144679,0.5416666666666666,0.2546511775394377,0.7333333333333333,0.3265986323710904
84,AAL,sFC,58.5,28.28869031963127,0.5290476190476191,0.36805827449472767,0.5583333333333333,0.39799846454198506,0.5666666666666667,0.42295258468165065
85,AAL,ising,53.49999999999999,19.241881404893856,0.5978571428571429,0.2404748939144679,0.5416666666666666,0.2546511775394377,0.7333333333333333,0.3265986323710904
86,AAL,sFC,58.5,28.28869031963127,0.5290476190476191,0.36805827449472767,0.5583333333333333,0.39799846454198506,0.5666666666666667,0.42295258468165065
87,AAL,ising,53.49999999999999,19.241881404893856,0.5978571428571429,0.2404748939144679,0.5416666666666666,0.2546511775394377,0.7333333333333333,0.3265986323710904
88,AAL,sFC,58.5,28.28869031963127,0.5290476190476191,0.36805827449472767,0.5583333333333333,0.39799846454198506,0.5666666666666667,0.42295258468165065
89,AAL,ising,53.49999999999999,19.241881404893856,0.5978571428571429,0.2404748939144679,0.5416666666666666,0.2546511775394377,0.7333333333333333,0.3265986323710904
90,AAL,sFC,58.5,28.28869031963127,0.5290476190476191,0.36805827449472767,0.5583333333333333,0.39799846454198506,0.5666666666666667,0.42295258468165065
91,AAL,ising,53.49999999999999,19.241881404893856,0.5978571428571429,0.2404748939144679,0.5416666666666666,0.2546511775394377,0.7333333333333333,0.3265986323710904
92,AAL,sFC,58.5,28.28869031963127,0.5290476190476191,0.36805827449472767,0.5583333333333333,0.39799846454198506,0.5666666666666667,0.42295258468165065
93,AAL,ising,53.49999999999999,19.241881404893856,0.5978571428571429,0.2404748939144679,0.5416666666666666,0.2546511775394377,0.7333333333333333,0.3265986323710904
94,AAL,sFC,58.5,28.28869031963127,0.5290476190476191,0.36805827449472767,0.5583333333333333,0.39799846454198506,0.5666666666666667,0.42295258468165065
95,AAL,ising,53.49999999999999,19.241881404893856,0.5978571428571429,0.2404748939144679,0.5416666666666666,0.2546511775394377,0.7333333333333333,0.3265986323710904
96,AAL,sFC,58.5,28.28869031963127,0.5290476190476191,0.36805827449472767,0.5583333333333333,0.39799846454198506,0.5666666666666667,0.42295258468165065
97,AAL,ising,53.49999999999999,19.241881404893856,0.5978571428571429,0.2404748939144679,0.5416666666666666,0.2546511775394377,0.7333333333333333,0.3265986323710904
98,AAL,sFC,58.5,28.28869031963127,0.5290476190476191,0.36805827449472767,0.5583333333333333,0.39799846454198506,0.5666666666666667,0.42295258468165065
99,AAL,ising,53.49999999999999,19.241881404893856,0.5978571428571429,0.2404748939144679,0.5416666666666666,0.2546511775394377,0.7333333333333333,0.3265986323710904
100,AAL,sFC,58.5,28.28869031963127,0.5290476190476191,0.36805827449472767,0.5583333333333333,0.39799846454198506,0.5666666666666667,0.42295258468165065
101,AAL,ising,53.49999999999999,19.241881404893856,0.5978571428571429,0.2404748939144679,0.5416666666666666,0.2546511775394377,0.7333333333333333,0.3265986323710904
102,AAL,sFC,58.5,28.28869031963127,0.5290476190476191,0.36805827449472767,0.5583333333333333,0.39799846454198506,0.5666666666666667,0.42295258468165065
103,AAL,ising,53.49999999999999,19.241881404893856,0.5978571428571429,0.2404748939144679,0.5416666666666666,0.2546511775394377,0.7333333333333333,0.3265986323710904
104,AAL,sFC,58.5,28.28869031963127,0.5290476190476191,0.36805827449472767,0.5583333333333333,0.39799846454198506,0.5666666666666667,0.42295258468165065
105,AAL,ising,53.49999999999999,19.241881404893856,0.5978571428571429,0.2404748939144679,0.5416666666666666,0.2546511775394377,0.7333333333333333,0.3265986323710904
106,AAL,sFC,58.5,28.28869031963127,0.5290476190476191,0.36805827449472767,0.5583333333333333,0.39799846454198506,0.5666666666666667,0.42295258468165065
107,AAL,ising,53.49999999999999,19.241881404893856,0.5978571428571429,0.2404748939144679,0.5416666666666666,0.2546511775394377,0.7333333333333333,0.3265986323710904
108,AAL,sFC,58.5,28.28869031963127,0.5290476190476191,0.36805827449472767,0.5583333333333333,0.39799846454198506,0.5666666666666667,0.42295258468165065
109,AAL,ising,53.49999999999999,19.241881404893856,0.5978571428571429,0.2404748939144679,0.5416666666666666,0.2546511775394377,0.7333333333333333,0.3265986323710904
110,AAL,sFC,58.5,28.28869031963127,0.5290476190476191,0.36805827449472767,0.5583333333333333,0.39799846454198506,0.5666666666666667,0.42295258468165065
111,AAL,ising,53.49999999999999,19.241881404893856,0.5978571428571429,0.2404748939144679,0.5416666666666666,0.2546511775394377,0.7333333333333333,0.3265986323710904
112,AAL,sFC,58.5,28.28869031963127,0.5290476190476191,0.36805827449472767,0.5583333333333333,0.39799846454198506,0.5666666666666667,0.42295258468165065
113,AAL,ising,53.49999999999999,19.241881404893856,0.5978571428571429,0.2404748939144679,0.5416666666666666,0.2546511775394377,0.7333333333333333,0.3265986323710904
114,AAL,sFC,50.0,21.081851067789195,0.5,0.2886751345948129,0.45,0.32532035493238565,0.7,0.4
115,AAL,ising,48.33333333333333,26.299556396765833,0.39999999999999997,0.3511884584284246,0.36666666666666664,0.3711842908553348,0.55,0.4716990566028302
116,AAL,sFC,50.0,21.081851067789195,0.5,0.2886751345948129,0.45,0.32532035493238565,0.7,0.4
117,AAL,ising,48.33333333333333,26.299556396765833,0.39999999999999997,0.3511884584284246,0.36666666666666664,0.3711842908553348,0.55,0.4716990566028302
118,AAL,sFC,50.0,21.081851067789195,0.5,0.2886751345948129,0.45,0.32532035493238565,0.7,0.4
119,AAL,ising,48.33333333333333,26.299556396765833,0.39999999999999997,0.3511884584284246,0.36666666666666664,0.3711842908553348,0.55,0.4716990566028302
120,AAL,sFC,50.0,21.081851067789195,0.5,0.2886751345948129,0.45,0.32532035493238565,0.7,0.4
121,AAL,ising,48.33333333333333,26.299556396765833,0.39999999999999997,0.3511884584284246,0.36666666666666664,0.3711842908553348,0.55,0.4716990566028302
122,AAL,sFC,50.0,21.081851067789195,0.5,0.2886751345948129,0.45,0.32532035493238565,0.7,0.4
123,AAL,ising,48.33333333333333,26.299556396765833,0.39999999999999997,0.3511884584284246,0.36666666666666664,0.3711842908553348,0.55,0.4716990566028302
124,AAL,sFC,50.0,21.081851067789195,0.5,0.2886751345948129,0.45,0.32532035493238565,0.7,0.4
125,AAL,ising,48.33333333333333,26.299556396765833,0.39999999999999997,0.3511884584284246,0.36666666666666664,0.3711842908553348,0.55,0.4716990566028302
126,AAL,sFC,50.0,21.081851067789195,0.5,0.2886751345948129,0.45,0.32532035493238565,0.7,0.4
127,AAL,ising,48.33333333333333,26.299556396765833,0.39999999999999997,0.3511884584284246,0.36666666666666664,0.3711842908553348,0.55,0.4716990566028302
128,AAL,sFC,50.0,21.081851067789195,0.5,0.2886751345948129,0.45,0.32532035493238565,0.7,0.4
129,AAL,ising,48.33333333333333,26.299556396765833,0.39999999999999997,0.3511884584284246,0.36666666666666664,0.3711842908553348,0.55,0.4716990566028302
130,AAL,sFC,50.0,21.081851067789195,0.5,0.2886751345948129,0.45,0.32532035493238565,0.7,0.4
131,AAL,ising,48.33333333333333,26.299556396765833,0.39999999999999997,0.3511884584284246,0.36666666666666664,0.3711842908553348,0.55,0.4716990566028302
132,AAL,sFC,50.0,21.081851067789195,0.5,0.2886751345948129,0.45,0.32532035493238565,0.7,0.4
133,AAL,ising,48.33333333333333,26.299556396765833,0.39999999999999997,0.3511884584284246,0.36666666666666664,0.3711842908553348,0.55,0.4716990566028302
134,AAL,sFC,50.0,21.081851067789195,0.5,0.2886751345948129,0.45,0.32532035493238565,0.7,0.4
135,AAL,ising,48.33333333333333,26.299556396765833,0.39999999999999997,0.3511884584284246,0.36666666666666664,0.3711842908553348,0.55,0.4716990566028302
136,AAL,sFC,50.0,21.081851067789195,0.5,0.2886751345948129,0.45,0.32532035493238565,0.7,0.4
137,AAL,ising,48.33333333333333,26.299556396765833,0.39999999999999997,0.3511884584284246,0.36666666666666664,0.3711842908553348,0.55,0.4716990566028302
138,AAL,sFC,50.0,21.081851067789195,0.5,0.2886751345948129,0.45,0.32532035493238565,0.7,0.4
139,AAL,ising,48.33333333333333,26.299556396765833,0.39999999999999997,0.3511884584284246,0.36666666666666664,0.3711842908553348,0.55,0.4716990566028302
140,AAL,sFC,50.0,21.081851067789195,0.5,0.2886751345948129,0.45,0.32532035493238565,0.7,0.4
141,AAL,ising,48.33333333333333,26.299556396765833,0.39999999999999997,0.3511884584284246,0.36666666666666664,0.3711842908553348,0.55,0.4716990566028302
142,AAL,sFC,50.0,21.081851067789195,0.5,0.2886751345948129,0.45,0.32532035493238565,0.7,0.4
143,AAL,ising,48.33333333333333,26.299556396765833,0.39999999999999997,0.3511884584284246,0.36666666666666664,0.3711842908553348,0.55,0.4716990566028302
144,AAL,sFC,50.0,21.081851067789195,0.5,0.2886751345948129,0.45,0.32532035493238565,0.7,0.4
145,AAL,ising,48.33333333333333,26.299556396765833,0.39999999999999997,0.3511884584284246,0.36666666666666664,0.3711842908553348,0.55,0.4716990566028302
146,AAL,sFC,50.0,21.081851067789195,0.5,0.2886751345948129,0.45,0.32532035493238565,0.7,0.4
147,AAL,ising,48.33333333333333,26.299556396765833,0.39999999999999997,0.3511884584284246,0.36666666666666664,0.3711842908553348,0.55,0.4716990566028302
148,AAL,sFC,50.0,21.081851067789195,0.5,0.2886751345948129,0.45,0.32532035493238565,0.7,0.4
149,AAL,ising,48.33333333333333,26.299556396765833,0.39999999999999997,0.3511884584284246,0.36666666666666664,0.3711842908553348,0.55,0.4716990566028302
150,AAL,sFC,50.0,21.081851067789195,0.5,0.2886751345948129,0.45,0.32532035493238565,0.7,0.4
151,AAL,ising,48.33333333333333,26.299556396765833,0.39999999999999997,0.3511884584284246,0.36666666666666664,0.3711842908553348,0.55,0.4716990566028302
152,AAL,sFC,50.0,21.081851067789195,0.5,0.2886751345948129,0.45,0.32532035493238565,0.7,0.4
153,AAL,ising,48.33333333333333,26.299556396765833,0.39999999999999997,0.3511884584284246,0.36666666666666664,0.3711842908553348,0.55,0.4716990566028302
154,AAL,sFC,50.0,21.081851067789195,0.5,0.2886751345948129,0.45,0.32532035493238565,0.7,0.4
155,AAL,ising,48.33333333333333,26.299556396765833,0.39999999999999997,0.3511884584284246,0.36666666666666664,0.3711842908553348,0.55,0.4716990566028302
156,AAL,sFC,50.0,21.081851067789195,0.5,0.2886751345948129,0.45,0.32532035493238565,0.7,0.4
157,AAL,ising,48.33333333333333,26.299556396765833,0.39999999999999997,0.3511884584284246,0.36666666666666664,0.3711842908553348,0.55,0.4716990566028302
158,AAL,sFC,50.0,21.081851067789195,0.5,0.2886751345948129,0.45,0.32532035493238565,0.7,0.4
159,AAL,ising,48.33333333333333,26.299556396765833,0.39999999999999997,0.3511884584284246,0.36666666666666664,0.3711842908553348,0.55,0.4716990566028302
160,AAL,sFC,50.0,21.081851067789195,0.5,0.2886751345948129,0.45,0.32532035493238565,0.7,0.4
161,AAL,ising,48.33333333333333,26.299556396765833,0.39999999999999997,0.3511884584284246,0.36666666666666664,0.3711842908553348,0.55,0.4716990566028302
162,AAL,sFC,50.0,21.081851067789195,0.5,0.2886751345948129,0.45,0.32532035493238565,0.7,0.4
163,AAL,ising,48.33333333333333,26.299556396765833,0.39999999999999997,0.3511884584284246,0.36666666666666664,0.3711842908553348,0.55,0.4716990566028302
164,AAL,sFC,50.0,21.081851067789195,0.5,0.2886751345948129,0.45,0.32532035493238565,0.7,0.4
165,AAL,ising,48.33333333333333,26.299556396765833,0.39999999999999997,0.3511884584284246,0.36666666666666664,0.3711842908553348,0.55,0.4716990566028302
166,AAL,sFC,50.0,21.081851067789195,0.5,0.2886751345948129,0.45,0.32532035493238565,0.7,0.4
167,AAL,ising,48.33333333333333,26.299556396765833,0.39999999999999997,0.3511884584284246,0.36666666666666664,0.3711842908553348,0.55,0.4716990566028302
168,AAL,sFC,50.0,21.081851067789195,0.5,0.2886751345948129,0.45,0.32532035493238565,0.7,0.4
169,AAL,ising,48.33333333333333,26.299556396765833,0.39999999999999997,0.3511884584284246,0.36666666666666664,0.3711842908553348,0.55,0.4716990566028302
170,AAL,sFC,50.0,21.081851067789195,0.5,0.2886751345948129,0.45,0.32532035493238565,0.7,0.4
171,AAL,ising,48.33333333333333,26.299556396765833,0.39999999999999997,0.3511884584284246,0.36666666666666664,0.3711842908553348,0.55,0.4716990566028302
172,AAL,sFC,50.0,21.081851067789195,0.5,0.2886751345948129,0.45,0.32532035493238565,0.7,0.4
173,AAL,ising,48.33333333333333,26.299556396765833,0.39999999999999997,0.3511884584284246,0.36666666666666664,0.3711842908553348,0.55,0.4716990566028302
174,AAL,sFC,50.0,21.081851067789195,0.5,0.2886751345948129,0.45,0.32532035493238565,0.7,0.4
175,AAL,ising,48.33333333333333,26.299556396765833,0.39999999999999997,0.3511884584284246,0.36666666666666664,0.3711842908553348,0.55,0.4716990566028302
176,AAL,sFC,50.0,21.081851067789195,0.5,0.2886751345948129,0.45,0.32532035493238565,0.7,0.4
177,AAL,ising,48.33333333333333,26.299556396765833,0.39999999999999997,0.3511884584284246,0.36666666666666664,0.3711842908553348,0.55,0.4716990566028302
178,AAL,sFC,50.0,21.081851067789195,0.5,0.2886751345948129,0.45,0.32532035493238565,0.7,0.4
179,AAL,ising,48.33333333333333,26.299556396765833,0.39999999999999997,0.3511884584284246,0.36666666666666664,0.3711842908553348,0.55,0.4716990566028302
180,AAL,sFC,50.0,21.081851067789195,0.5,0.2886751345948129,0.45,0.32532035493238565,0.7,0.4
181,AAL,ising,48.33333333333333,26.299556396765833,0.39999999999999997,0.3511884584284246,0.36666666666666664,0.3711842908553348,0.55,0.4716990566028302
182,AAL,sFC,50.0,21.081851067789195,0.5,0.2886751345948129,0.45,0.32532035493238565,0.7,0.4
183,AAL,ising,48.33333333333333,26.299556396765833,0.39999999999999997,0.3511884584284246,0.36666666666666664,0.3711842908553348,0.55,0.4716990566028302
184,AAL,sFC,50.0,21.081851067789195,0.5,0.2886751345948129,0.45,0.32532035493238565,0.7,0.4
185,AAL,ising,48.33333333333333,26.299556396765833,0.39999999999999997,0.3511884584284246,0.36666666666666664,0.3711842908553348,0.55,0.4716990566028302
186,AAL,sFC,45.0,32.53203549323857,0.4833333333333333,0.36094013046179524,0.41666666666666663,0.3515837184954831,0.65,0.45000000000000007
187,AAL,ising,50.0,28.86751345948129,0.4333333333333333,0.38873012632302,0.36666666666666664,0.3711842908553348,0.6,0.4898979485566356
188,AAL,sFC,45.0,32.53203549323857,0.4833333333333333,0.36094013046179524,0.41666666666666663,0.3515837184954831,0.65,0.45000000000000007
189,AAL,ising,50.0,28.86751345948129,0.4333333333333333,0.38873012632302,0.36666666666666664,0.3711842908553348,0.6,0.4898979485566356
190,AAL,sFC,45.0,32.53203549323857,0.4833333333333333,0.36094013046179524,0.41666666666666663,0.3515837184954831,0.65,0.45000000000000007
191,AAL,ising,50.0,28.86751345948129,0.4333333333333333,0.38873012632302,0.36666666666666664,0.3711842908553348,0.6,0.4898979485566356
192,AAL,sFC,45.0,32.53203549323857,0.4833333333333333,0.36094013046179524,0.41666666666666663,0.3515837184954831,0.65,0.45000000000000007
193,AAL,ising,50.0,28.86751345948129,0.4333333333333333,0.38873012632302,0.36666666666666664,0.3711842908553348,0.6,0.4898979485566356
194,AAL,sFC,45.0,32.53203549323857,0.4833333333333333,0.36094013046179524,0.41666666666666663,0.3515837184954831,0.65,0.45000000000000007
195,AAL,ising,50.0,28.86751345948129,0.4333333333333333,0.38873012632302,0.36666666666666664,0.3711842908553348,0.6,0.4898979485566356
196,AAL,sFC,45.0,32.53203549323857,0.4833333333333333,0.36094013046179524,0.41666666666666663,0.3515837184954831,0.65,0.45000000000000007
197,AAL,ising,50.0,28.86751345948129,0.4333333333333333,0.38873012632302,0.36666666666666664,0.3711842908553348,0.6,0.4898979485566356
198,AAL,sFC,45.0,32.53203549323857,0.4833333333333333,0.36094013046179524,0.41666666666666663,0.3515837184954831,0.65,0.45000000000000007
199,AAL,ising,50.0,28.86751345948129,0.4333333333333333,0.38873012632302,0.36666666666666664,0.3711842908553348,0.6,0.4898979485566356
200,AAL,sFC,45.0,32.53203549323857,0.4833333333333333,0.36094013046179524,0.41666666666666663,0.3515837184954831,0.65,0.45000000000000007
201,AAL,ising,50.0,28.86751345948129,0.4333333333333333,0.38873012632302,0.36666666666666664,0.3711842908553348,0.6,0.4898979485566356
202,AAL,sFC,45.0,32.53203549323857,0.4833333333333333,0.36094013046179524,0.41666666666666663,0.3515837184954831,0.65,0.45000000000000007
203,AAL,ising,50.0,28.86751345948129,0.4333333333333333,0.38873012632302,0.36666666666666664,0.3711842908553348,0.6,0.4898979485566356
204,AAL,sFC,45.0,32.53203549323857,0.4833333333333333,0.36094013046179524,0.41666666666666663,0.3515837184954831,0.65,0.45000000000000007
205,AAL,ising,50.0,28.86751345948129,0.4333333333333333,0.38873012632302,0.36666666666666664,0.3711842908553348,0.6,0.4898979485566356
206,AAL,sFC,45.0,32.53203549323857,0.4833333333333333,0.36094013046179524,0.41666666666666663,0.3515837184954831,0.65,0.45000000000000007
207,AAL,ising,50.0,28.86751345948129,0.4333333333333333,0.38873012632302,0.36666666666666664,0.3711842908553348,0.6,0.4898979485566356
208,AAL,sFC,45.0,32.53203549323857,0.4833333333333333,0.36094013046179524,0.41666666666666663,0.3515837184954831,0.65,0.45000000000000007
209,AAL,ising,50.0,28.86751345948129,0.4333333333333333,0.38873012632302,0.36666666666666664,0.3711842908553348,0.6,0.4898979485566356
210,AAL,sFC,45.0,32.53203549323857,0.4833333333333333,0.36094013046179524,0.41666666666666663,0.3515837184954831,0.65,0.45000000000000007
211,AAL,ising,50.0,28.86751345948129,0.4333333333333333,0.38873012632302,0.36666666666666664,0.3711842908553348,0.6,0.4898979485566356
212,AAL,sFC,45.0,32.53203549323857,0.4833333333333333,0.36094013046179524,0.41666666666666663,0.3515837184954831,0.65,0.45000000000000007
213,AAL,ising,50.0,28.86751345948129,0.4333333333333333,0.38873012632302,0.36666666666666664,0.3711842908553348,0.6,0.4898979485566356
214,AAL,sFC,45.0,32.53203549323857,0.4833333333333333,0.36094013046179524,0.41666666666666663,0.3515837184954831,0.65,0.45000000000000007
215,AAL,ising,50.0,28.86751345948129,0.4333333333333333,0.38873012632302,0.36666666666666664,0.3711842908553348,0.6,0.4898979485566356
216,AAL,sFC,45.0,32.53203549323857,0.4833333333333333,0.36094013046179524,0.41666666666666663,0.3515837184954831,0.65,0.45000000000000007
217,AAL,ising,50.0,28.86751345948129,0.4333333333333333,0.38873012632302,0.36666666666666664,0.3711842908553348,0.6,0.4898979485566356
218,AAL,sFC,45.0,32.53203549323857,0.4833333333333333,0.36094013046179524,0.41666666666666663,0.3515837184954831,0.65,0.45000000000000007
219,AAL,ising,50.0,28.86751345948129,0.4333333333333333,0.38873012632302,0.36666666666666664,0.3711842908553348,0.6,0.4898979485566356
220,AAL,sFC,45.0,32.53203549323857,0.4833333333333333,0.36094013046179524,0.41666666666666663,0.3515837184954831,0.65,0.45000000000000007
221,AAL,ising,50.0,28.86751345948129,0.4333333333333333,0.38873012632302,0.36666666666666664,0.3711842908553348,0.6,0.4898979485566356
222,AAL,sFC,45.0,32.53203549323857,0.4833333333333333,0.36094013046179524,0.41666666666666663,0.3515837184954831,0.65,0.45000000000000007
223,AAL,ising,50.0,28.86751345948129,0.4333333333333333,0.38873012632302,0.36666666666666664,0.3711842908553348,0.6,0.4898979485566356
224,AAL,sFC,45.0,32.53203549323857,0.4833333333333333,0.36094013046179524,0.41666666666666663,0.3515837184954831,0.65,0.45000000000000007
225,AAL,ising,50.0,28.86751345948129,0.4333333333333333,0.38873012632302,0.36666666666666664,0.3711842908553348,0.6,0.4898979485566356
226,AAL,sFC,45.0,32.53203549323857,0.4833333333333333,0.36094013046179524,0.41666666666666663,0.3515837184954831,0.65,0.45000000000000007
227,AAL,ising,50.0,28.86751345948129,0.4333333333333333,0.38873012632302,0.36666666666666664,0.3711842908553348,0.6,0.4898979485566356
228,AAL,sFC,45.0,32.53203549323857,0.4833333333333333,0.36094013046179524,0.41666666666666663,0.3515837184954831,0.65,0.45000000000000007
229,AAL,ising,50.0,28.86751345948129,0.4333333333333333,0.38873012632302,0.36666666666666664,0.3711842908553348,0.6,0.4898979485566356
230,AAL,sFC,45.0,32.53203549323857,0.4833333333333333,0.36094013046179524,0.41666666666666663,0.3515837184954831,0.65,0.45000000000000007
231,AAL,ising,50.0,28.86751345948129,0.4333333333333333,0.38873012632302,0.36666666666666664,0.3711842908553348,0.6,0.4898979485566356
232,AAL,sFC,45.0,32.53203549323857,0.4833333333333333,0.36094013046179524,0.41666666666666663,0.3515837184954831,0.65,0.45000000000000007
233,AAL,ising,50.0,28.86751345948129,0.4333333333333333,0.38873012632302,0.36666666666666664,0.3711842908553348,0.6,0.4898979485566356
234,AAL,sFC,45.0,32.53203549323857,0.4833333333333333,0.36094013046179524,0.41666666666666663,0.3515837184954831,0.65,0.45000000000000007
235,AAL,ising,50.0,28.86751345948129,0.4333333333333333,0.38873012632302,0.36666666666666664,0.3711842908553348,0.6,0.4898979485566356
236,AAL,sFC,45.0,32.53203549323857,0.4833333333333333,0.36094013046179524,0.41666666666666663,0.3515837184954831,0.65,0.45000000000000007
237,AAL,ising,50.0,28.86751345948129,0.4333333333333333,0.38873012632302,0.36666666666666664,0.3711842908553348,0.6,0.4898979485566356
238,AAL,sFC,45.0,32.53203549323857,0.4833333333333333,0.36094013046179524,0.41666666666666663,0.3515837184954831,0.65,0.45000000000000007
239,AAL,ising,50.0,28.86751345948129,0.4333333333333333,0.38873012632302,0.36666666666666664,0.3711842908553348,0.6,0.4898979485566356
240,AAL,sFC,45.0,32.53203549323857,0.4833333333333333,0.36094013046179524,0.41666666666666663,0.3515837184954831,0.65,0.45000000000000007
241,AAL,ising,50.0,28.86751345948129,0.4333333333333333,0.38873012632302,0.36666666666666664,0.3711842908553348,0.6,0.4898979485566356
242,AAL,sFC,63.33333333333333,25.60381915956203,0.7466666666666667,0.1851125783588643,0.6666666666666666,0.22360679774997896,0.9,0.2
243,AAL,ising,66.66666666666666,18.25741858350554,0.72,0.2663331247391757,0.6166666666666666,0.2692582403567252,0.9,0.30000000000000004
244,AAL,sFC,63.33333333333333,25.60381915956203,0.7466666666666667,0.1851125783588643,0.6666666666666666,0.22360679774997896,0.9,0.2
245,AAL,ising,66.66666666666666,18.25741858350554,0.72,0.2663331247391757,0.6166666666666666,0.2692582403567252,0.9,0.30000000000000004
246,AAL,sFC,63.33333333333333,25.60381915956203,0.7466666666666667,0.1851125783588643,0.6666666666666666,0.22360679774997896,0.9,0.2
247,AAL,ising,66.66666666666666,18.25741858350554,0.72,0.2663331247391757,0.6166666666666666,0.2692582403567252,0.9,0.30000000000000004
248,AAL,sFC,63.33333333333333,25.60381915956203,0.7466666666666667,0.1851125783588643,0.6666666666666666,0.22360679774997896,0.9,0.2
249,AAL,ising,66.66666666666666,18.25741858350554,0.72,0.2663331247391757,0.6166666666666666,0.2692582403567252,0.9,0.30000000000000004
250,AAL,sFC,63.33333333333333,25.60381915956203,0.7466666666666667,0.1851125783588643,0.6666666666666666,0.22360679774997896,0.9,0.2
251,AAL,ising,66.66666666666666,18.25741858350554,0.72,0.2663331247391757,0.6166666666666666,0.2692582403567252,0.9,0.30000000000000004
252,AAL,sFC,63.33333333333333,25.60381915956203,0.7466666666666667,0.1851125783588643,0.6666666666666666,0.22360679774997896,0.9,0.2
253,AAL,ising,66.66666666666666,18.25741858350554,0.72,0.2663331247391757,0.6166666666666666,0.2692582403567252,0.9,0.30000000000000004
254,AAL,sFC,63.33333333333333,25.60381915956203,0.7466666666666667,0.1851125783588643,0.6666666666666666,0.22360679774997896,0.9,0.2
255,AAL,ising,66.66666666666666,18.25741858350554,0.72,0.2663331247391757,0.6166666666666666,0.2692582403567252,0.9,0.30000000000000004
256,AAL,sFC,63.33333333333333,25.60381915956203,0.7466666666666667,0.1851125783588643,0.6666666666666666,0.22360679774997896,0.9,0.2
257,AAL,ising,66.66666666666666,18.25741858350554,0.72,0.2663331247391757,0.6166666666666666,0.2692582403567252,0.9,0.30000000000000004
258,AAL,sFC,63.33333333333333,25.60381915956203,0.7466666666666667,0.1851125783588643,0.6666666666666666,0.22360679774997896,0.9,0.2
259,AAL,ising,66.66666666666666,18.25741858350554,0.72,0.2663331247391757,0.6166666666666666,0.2692582403567252,0.9,0.30000000000000004
260,AAL,sFC,63.33333333333333,25.60381915956203,0.7466666666666667,0.1851125783588643,0.6666666666666666,0.22360679774997896,0.9,0.2
261,AAL,ising,66.66666666666666,18.25741858350554,0.72,0.2663331247391757,0.6166666666666666,0.2692582403567252,0.9,0.30000000000000004
262,AAL,sFC,63.33333333333333,25.60381915956203,0.7466666666666667,0.1851125783588643,0.6666666666666666,0.22360679774997896,0.9,0.2
263,AAL,ising,66.66666666666666,18.25741858350554,0.72,0.2663331247391757,0.6166666666666666,0.2692582403567252,0.9,0.30000000000000004
264,AAL,sFC,63.33333333333333,25.60381915956203,0.7466666666666667,0.1851125783588643,0.6666666666666666,0.22360679774997896,0.9,0.2
265,AAL,ising,66.66666666666666,18.25741858350554,0.72,0.2663331247391757,0.6166666666666666,0.2692582403567252,0.9,0.30000000000000004
266,AAL,sFC,63.33333333333333,25.60381915956203,0.7466666666666667,0.1851125783588643,0.6666666666666666,0.22360679774997896,0.9,0.2
267,AAL,ising,66.66666666666666,18.25741858350554,0.72,0.2663331247391757,0.6166666666666666,0.2692582403567252,0.9,0.30000000000000004
268,AAL,sFC,63.33333333333333,25.60381915956203,0.7466666666666667,0.1851125783588643,0.6666666666666666,0.22360679774997896,0.9,0.2
269,AAL,ising,66.66666666666666,18.25741858350554,0.72,0.2663331247391757,0.6166666666666666,0.2692582403567252,0.9,0.30000000000000004
270,AAL,sFC,63.33333333333333,25.60381915956203,0.7466666666666667,0.1851125783588643,0.6666666666666666,0.22360679774997896,0.9,0.2
271,AAL,ising,66.66666666666666,18.25741858350554,0.72,0.2663331247391757,0.6166666666666666,0.2692582403567252,0.9,0.30000000000000004
272,AAL,sFC,63.33333333333333,25.60381915956203,0.7466666666666667,0.1851125783588643,0.6666666666666666,0.22360679774997896,0.9,0.2
273,AAL,ising,66.66666666666666,18.25741858350554,0.72,0.2663331247391757,0.6166666666666666,0.2692582403567252,0.9,0.30000000000000004
274,AAL,sFC,63.33333333333333,25.60381915956203,0.7466666666666667,0.1851125783588643,0.6666666666666666,0.22360679774997896,0.9,0.2
275,AAL,ising,66.66666666666666,18.25741858350554,0.72,0.2663331247391757,0.6166666666666666,0.2692582403567252,0.9,0.30000000000000004
276,AAL,sFC,63.33333333333333,25.60381915956203,0.7466666666666667,0.1851125783588643,0.6666666666666666,0.22360679774997896,0.9,0.2
277,AAL,ising,66.66666666666666,18.25741858350554,0.72,0.2663331247391757,0.6166666666666666,0.2692582403567252,0.9,0.30000000000000004
278,AAL,sFC,63.33333333333333,25.60381915956203,0.7466666666666667,0.1851125783588643,0.6666666666666666,0.22360679774997896,0.9,0.2
279,AAL,ising,66.66666666666666,18.25741858350554,0.72,0.2663331247391757,0.6166666666666666,0.2692582403567252,0.9,0.30000000000000004
280,AAL,sFC,63.33333333333333,25.60381915956203,0.7466666666666667,0.1851125783588643,0.6666666666666666,0.22360679774997896,0.9,0.2
281,AAL,ising,66.66666666666666,18.25741858350554,0.72,0.2663331247391757,0.6166666666666666,0.2692582403567252,0.9,0.30000000000000004
282,AAL,sFC,63.33333333333333,25.60381915956203,0.7466666666666667,0.1851125783588643,0.6666666666666666,0.22360679774997896,0.9,0.2
283,AAL,ising,66.66666666666666,18.25741858350554,0.72,0.2663331247391757,0.6166666666666666,0.2692582403567252,0.9,0.30000000000000004
284,AAL,sFC,63.33333333333333,25.60381915956203,0.7466666666666667,0.1851125783588643,0.6666666666666666,0.22360679774997896,0.9,0.2
285,AAL,ising,66.66666666666666,18.25741858350554,0.72,0.2663331247391757,0.6166666666666666,0.2692582403567252,0.9,0.30000000000000004
286,AAL,sFC,63.33333333333333,25.60381915956203,0.7466666666666667,0.1851125783588643,0.6666666666666666,0.22360679774997896,0.9,0.2
287,AAL,ising,66.66666666666666,18.25741858350554,0.72,0.2663331247391757,0.6166666666666666,0.2692582403567252,0.9,0.30000000000000004
288,AAL,sFC,63.33333333333333,25.60381915956203,0.7466666666666667,0.1851125783588643,0.6666666666666666,0.22360679774997896,0.9,0.2
289,AAL,ising,66.66666666666666,18.25741858350554,0.72,0.2663331247391757,0.6166666666666666,0.2692582403567252,0.9,0.30000000000000004
290,AAL,sFC,63.33333333333333,25.60381915956203,0.7466666666666667,0.1851125783588643,0.6666666666666666,0.22360679774997896,0.9,0.2
291,AAL,ising,66.66666666666666,18.25741858350554,0.72,0.2663331247391757,0.6166666666666666,0.2692582403567252,0.9,0.30000000000000004
292,AAL,sFC,63.33333333333333,25.60381915956203,0.7466666666666667,0.1851125783588643,0.6666666666666666,0.22360679774997896,0.9,0.2
293,AAL,ising,66.66666666666666,18.25741858350554,0.72,0.2663331247391757,0.6166666666666666,0.2692582403567252,0.9,0.30000000000000004
294,AAL,sFC,63.33333333333333,25.60381915956203,0.7466666666666667,0.1851125783588643,0.6666666666666666,0.22360679774997896,0.9,0.2
295,AAL,ising,66.66666666666666,18.25741858350554,0.72,0.2663331247391757,0.6166666666666666,0.2692582403567252,0.9,0.30000000000000004
296,AAL,sFC,63.33333333333333,25.60381915956203,0.7466666666666667,0.1851125783588643,0.6666666666666666,0.22360679774997896,0.9,0.2
297,AAL,ising,66.66666666666666,18.25741858350554,0.72,0.2663331247391757,0.6166666666666666,0.2692582403567252,0.9,0.30000000000000004
298,AAL,sFC,63.33333333333333,25.60381915956203,0.7466666666666667,0.1851125783588643,0.6666666666666666,0.22360679774997896,0.9,0.2
299,AAL,ising,66.66666666666666,18.25741858350554,0.72,0.2663331247391757,0.6166666666666666,0.2692582403567252,0.9,0.30000000000000004
300,AAL,sFC,63.33333333333333,25.60381915956203,0.7466666666666667,0.1851125783588643,0.6666666666666666,0.22360679774997896,0.9,0.2
301,AAL,ising,66.66666666666666,18.25741858350554,0.72,0.2663331247391757,0.6166666666666666,0.2692582403567252,0.9,0.30000000000000004
302,AAL,sFC,63.33333333333333,25.60381915956203,0.7466666666666667,0.1851125783588643,0.6666666666666666,0.22360679774997896,0.9,0.2
303,AAL,ising,66.66666666666666,18.25741858350554,0.72,0.2663331247391757,0.6166666666666666,0.2692582403567252,0.9,0.30000000000000004
304,AAL,sFC,63.33333333333333,25.60381915956203,0.7466666666666667,0.1851125783588643,0.6666666666666666,0.22360679774997896,0.9,0.2
305,AAL,ising,66.66666666666666,18.25741858350554,0.72,0.2663331247391757,0.6166666666666666,0.2692582403567252,0.9,0.30000000000000004
306,AAL,sFC,63.33333333333333,25.60381915956203,0.7466666666666667,0.1851125783588643,0.6666666666666666,0.22360679774997896,0.9,0.2
307,AAL,ising,66.66666666666666,18.25741858350554,0.72,0.2663331247391757,0.6166666666666666,0.2692582403567252,0.9,0.30000000000000004
308,AAL,sFC,63.33333333333333,25.60381915956203,0.7466666666666667,0.1851125783588643,0.6666666666666666,0.22360679774997896,0.9,0.2
309,AAL,ising,66.66666666666666,18.25741858350554,0.72,0.2663331247391757,0.6166666666666666,0.2692582403567252,0.9,0.30000000000000004
310,AAL,sFC,63.33333333333333,25.60381915956203,0.7466666666666667,0.1851125783588643,0.6666666666666666,0.22360679774997896,0.9,0.2
311,AAL,ising,66.66666666666666,18.25741858350554,0.72,0.2663331247391757,0.6166666666666666,0.2692582403567252,0.9,0.30000000000000004
312,AAL,sFC,63.33333333333333,25.60381915956203,0.7466666666666667,0.1851125783588643,0.6666666666666666,0.22360679774997896,0.9,0.2
313,AAL,ising,66.66666666666666,18.25741858350554,0.72,0.2663331247391757,0.6166666666666666,0.2692582403567252,0.9,0.30000000000000004
314,AAL,sFC,76.5,18.309833423600555,0.7823809523809524,0.16771168976655665,0.8416666666666666,0.2056493779875511,0.7833333333333333,0.2242270674512285
315,AAL,ising,61.0,16.852299546352718,0.6723809523809524,0.17073669906661326,0.625,0.15478479684172258,0.7666666666666666,0.24944382578492946
316,AAL,sFC,76.5,18.309833423600555,0.7823809523809524,0.16771168976655665,0.8416666666666666,0.2056493779875511,0.7833333333333333,0.2242270674512285
317,AAL,ising,61.0,16.852299546352718,0.6723809523809524,0.17073669906661326,0.625,0.15478479684172258,0.7666666666666666,0.24944382578492946
318,AAL,sFC,76.5,18.309833423600555,0.7823809523809524,0.16771168976655665,0.8416666666666666,0.2056493779875511,0.7833333333333333,0.2242270674512285
319,AAL,ising,61.0,16.852299546352718,0.6723809523809524,0.17073669906661326,0.625,0.15478479684172258,0.7666666666666666,0.24944382578492946
320,AAL,sFC,76.5,18.309833423600555,0.7823809523809524,0.16771168976655665,0.8416666666666666,0.2056493779875511,0.7833333333333333,0.2242270674512285
321,AAL,ising,61.0,16.852299546352718,0.6723809523809524,0.17073669906661326,0.625,0.15478479684172258,0.7666666666666666,0.24944382578492946
322,AAL,sFC,76.5,18.309833423600555,0.7823809523809524,0.16771168976655665,0.8416666666666666,0.2056493779875511,0.7833333333333333,0.2242270674512285
323,AAL,ising,61.0,16.852299546352718,0.6723809523809524,0.17073669906661326,0.625,0.15478479684172258,0.7666666666666666,0.24944382578492946
324,AAL,sFC,76.5,18.309833423600555,0.7823809523809524,0.16771168976655665,0.8416666666666666,0.2056493779875511,0.7833333333333333,0.2242270674512285
325,AAL,ising,61.0,16.852299546352718,0.6723809523809524,0.17073669906661326,0.625,0.15478479684172258,0.7666666666666666,0.24944382578492946
326,AAL,sFC,76.5,18.309833423600555,0.7823809523809524,0.16771168976655665,0.8416666666666666,0.2056493779875511,0.7833333333333333,0.2242270674512285
327,AAL,ising,61.0,16.852299546352718,0.6723809523809524,0.17073669906661326,0.625,0.15478479684172258,0.7666666666666666,0.24944382578492946
328,AAL,sFC,76.5,18.309833423600555,0.7823809523809524,0.16771168976655665,0.8416666666666666,0.2056493779875511,0.7833333333333333,0.2242270674512285
329,AAL,ising,61.0,16.852299546352718,0.6723809523809524,0.17073669906661326,0.625,0.15478479684172258,0.7666666666666666,0.24944382578492946
330,AAL,sFC,76.5,18.309833423600555,0.7823809523809524,0.16771168976655665,0.8416666666666666,0.2056493779875511,0.7833333333333333,0.2242270674512285
331,AAL,ising,61.0,16.852299546352718,0.6723809523809524,0.17073669906661326,0.625,0.15478479684172258,0.7666666666666666,0.24944382578492946
332,AAL,sFC,76.5,18.309833423600555,0.7823809523809524,0.16771168976655665,0.8416666666666666,0.2056493779875511,0.7833333333333333,0.2242270674512285
333,AAL,ising,61.0,16.852299546352718,0.6723809523809524,0.17073669906661326,0.625,0.15478479684172258,0.7666666666666666,0.24944382578492946
334,AAL,sFC,76.5,18.309833423600555,0.7823809523809524,0.16771168976655665,0.8416666666666666,0.2056493779875511,0.7833333333333333,0.2242270674512285
335,AAL,ising,61.0,16.852299546352718,0.6723809523809524,0.17073669906661326,0.625,0.15478479684172258,0.7666666666666666,0.24944382578492946
336,AAL,sFC,76.5,18.309833423600555,0.7823809523809524,0.16771168976655665,0.8416666666666666,0.2056493779875511,0.7833333333333333,0.2242270674512285
337,AAL,ising,61.0,16.852299546352718,0.6723809523809524,0.17073669906661326,0.625,0.15478479684172258,0.7666666666666666,0.24944382578492946
338,AAL,sFC,76.5,18.309833423600555,0.7823809523809524,0.16771168976655665,0.8416666666666666,0.2056493779875511,0.7833333333333333,0.2242270674512285
339,AAL,ising,61.0,16.852299546352718,0.6723809523809524,0.17073669906661326,0.625,0.15478479684172258,0.7666666666666666,0.24944382578492946
340,AAL,sFC,76.5,18.309833423600555,0.7823809523809524,0.16771168976655665,0.8416666666666666,0.2056493779875511,0.7833333333333333,0.2242270674512285
341,AAL,ising,61.0,16.852299546352718,0.6723809523809524,0.17073669906661326,0.625,0.15478479684172258,0.7666666666666666,0.24944382578492946
342,AAL,sFC,76.5,18.309833423600555,0.7823809523809524,0.16771168976655665,0.8416666666666666,0.2056493779875511,0.7833333333333333,0.2242270674512285
343,AAL,ising,61.0,16.852299546352718,0.6723809523809524,0.17073669906661326,0.625,0.15478479684172258,0.7666666666666666,0.24944382578492946
344,AAL,sFC,76.5,18.309833423600555,0.7823809523809524,0.16771168976655665,0.8416666666666666,0.2056493779875511,0.7833333333333333,0.2242270674512285
345,AAL,ising,61.0,16.852299546352718,0.6723809523809524,0.17073669906661326,0.625,0.15478479684172258,0.7666666666666666,0.24944382578492946
346,AAL,sFC,76.5,18.309833423600555,0.7823809523809524,0.16771168976655665,0.8416666666666666,0.2056493779875511,0.7833333333333333,0.2242270674512285
347,AAL,ising,61.0,16.852299546352718,0.6723809523809524,0.17073669906661326,0.625,0.15478479684172258,0.7666666666666666,0.24944382578492946
348,AAL,sFC,76.5,18.309833423600555,0.7823809523809524,0.16771168976655665,0.8416666666666666,0.2056493779875511,0.7833333333333333,0.2242270674512285
349,AAL,ising,61.0,16.852299546352718,0.6723809523809524,0.17073669906661326,0.625,0.15478479684172258,0.7666666666666666,0.24944382578492946
350,AAL,sFC,76.5,18.309833423600555,0.7823809523809524,0.16771168976655665,0.8416666666666666,0.2056493779875511,0.7833333333333333,0.2242270674512285
351,AAL,ising,61.0,16.852299546352718,0.6723809523809524,0.17073669906661326,0.625,0.15478479684172258,0.7666666666666666,0.24944382578492946
352,AAL,sFC,76.5,18.309833423600555,0.7823809523809524,0.16771168976655665,0.8416666666666666,0.2056493779875511,0.7833333333333333,0.2242270674512285
353,AAL,ising,61.0,16.852299546352718,0.6723809523809524,0.17073669906661326,0.625,0.15478479684172258,0.7666666666666666,0.24944382578492946
354,AAL,sFC,76.5,18.309833423600555,0.7823809523809524,0.16771168976655665,0.8416666666666666,0.2056493779875511,0.7833333333333333,0.2242270674512285
355,AAL,ising,61.0,16.852299546352718,0.6723809523809524,0.17073669906661326,0.625,0.15478479684172258,0.7666666666666666,0.24944382578492946
356,AAL,sFC,76.5,18.309833423600555,0.7823809523809524,0.16771168976655665,0.8416666666666666,0.2056493779875511,0.7833333333333333,0.2242270674512285
357,AAL,ising,61.0,16.852299546352718,0.6723809523809524,0.17073669906661326,0.625,0.15478479684172258,0.7666666666666666,0.24944382578492946
358,AAL,sFC,76.5,18.309833423600555,0.7823809523809524,0.16771168976655665,0.8416666666666666,0.2056493779875511,0.7833333333333333,0.2242270674512285
359,AAL,ising,61.0,16.852299546352718,0.6723809523809524,0.17073669906661326,0.625,0.15478479684172258,0.7666666666666666,0.24944382578492946
360,AAL,sFC,76.5,18.309833423600555,0.7823809523809524,0.16771168976655665,0.8416666666666666,0.2056493779875511,0.7833333333333333,0.2242270674512285
361,AAL,ising,61.0,16.852299546352718,0.6723809523809524,0.17073669906661326,0.625,0.15478479684172258,0.7666666666666666,0.24944382578492946
362,AAL,sFC,76.5,18.309833423600555,0.7823809523809524,0.16771168976655665,0.8416666666666666,0.2056493779875511,0.7833333333333333,0.2242270674512285
363,AAL,ising,61.0,16.852299546352718,0.6723809523809524,0.17073669906661326,0.625,0.15478479684172258,0.7666666666666666,0.24944382578492946
364,AAL,sFC,76.5,18.309833423600555,0.7823809523809524,0.16771168976655665,0.8416666666666666,0.2056493779875511,0.7833333333333333,0.2242270674512285
365,AAL,ising,61.0,16.852299546352718,0.6723809523809524,0.17073669906661326,0.625,0.15478479684172258,0.7666666666666666,0.24944382578492946
366,AAL,sFC,76.5,18.309833423600555,0.7823809523809524,0.16771168976655665,0.8416666666666666,0.2056493779875511,0.7833333333333333,0.2242270674512285
367,AAL,ising,61.0,16.852299546352718,0.6723809523809524,0.17073669906661326,0.625,0.15478479684172258,0.7666666666666666,0.24944382578492946
368,AAL,sFC,76.5,18.309833423600555,0.7823809523809524,0.16771168976655665,0.8416666666666666,0.2056493779875511,0.7833333333333333,0.2242270674512285
369,AAL,ising,61.0,16.852299546352718,0.6723809523809524,0.17073669906661326,0.625,0.15478479684172258,0.7666666666666666,0.24944382578492946
370,AAL,sFC,76.5,18.309833423600555,0.7823809523809524,0.16771168976655665,0.8416666666666666,0.2056493779875511,0.7833333333333333,0.2242270674512285
371,AAL,ising,61.0,16.852299546352718,0.6723809523809524,0.17073669906661326,0.625,0.15478479684172258,0.7666666666666666,0.24944382578492946
372,AAL,sFC,76.5,18.309833423600555,0.7823809523809524,0.16771168976655665,0.8416666666666666,0.2056493779875511,0.7833333333333333,0.2242270674512285
373,AAL,ising,61.0,16.852299546352718,0.6723809523809524,0.17073669906661326,0.625,0.15478479684172258,0.7666666666666666,0.24944382578492946
374,AAL,sFC,76.5,18.309833423600555,0.7823809523809524,0.16771168976655665,0.8416666666666666,0.2056493779875511,0.7833333333333333,0.2242270674512285
375,AAL,ising,61.0,16.852299546352718,0.6723809523809524,0.17073669906661326,0.625,0.15478479684172258,0.7666666666666666,0.24944382578492946
376,AAL,sFC,76.5,18.309833423600555,0.7823809523809524,0.16771168976655665,0.8416666666666666,0.2056493779875511,0.7833333333333333,0.2242270674512285
377,AAL,ising,61.0,16.852299546352718,0.6723809523809524,0.17073669906661326,0.625,0.15478479684172258,0.7666666666666666,0.24944382578492946
378,AAL,sFC,76.5,18.309833423600555,0.7823809523809524,0.16771168976655665,0.8416666666666666,0.2056493779875511,0.7833333333333333,0.2242270674512285
379,AAL,ising,61.0,16.852299546352718,0.6723809523809524,0.17073669906661326,0.625,0.15478479684172258,0.7666666666666666,0.24944382578492946
380,AAL,sFC,76.5,18.309833423600555,0.7823809523809524,0.16771168976655665,0.8416666666666666,0.2056493779875511,0.7833333333333333,0.2242270674512285
381,AAL,ising,61.0,16.852299546352718,0.6723809523809524,0.17073669906661326,0.625,0.15478479684172258,0.7666666666666666,0.24944382578492946
382,AAL,sFC,76.5,18.309833423600555,0.7823809523809524,0.16771168976655665,0.8416666666666666,0.2056493779875511,0.7833333333333333,0.2242270674512285
383,AAL,ising,61.0,16.852299546352718,0.6723809523809524,0.17073669906661326,0.625,0.15478479684172258,0.7666666666666666,0.24944382578492946
384,AAL,sFC,76.5,18.309833423600555,0.7823809523809524,0.16771168976655665,0.8416666666666666,0.2056493779875511,0.7833333333333333,0.2242270674512285
385,AAL,ising,61.0,16.852299546352718,0.6723809523809524,0.17073669906661326,0.625,0.15478479684172258,0.7666666666666666,0.24944382578492946
386,AAL,sFC,76.5,18.309833423600555,0.7823809523809524,0.16771168976655665,0.8416666666666666,0.2056493779875511,0.7833333333333333,0.2242270674512285
387,AAL,ising,61.0,16.852299546352718,0.6723809523809524,0.17073669906661326,0.625,0.15478479684172258,0.7666666666666666,0.24944382578492946
388,AAL,sFC,76.5,18.309833423600555,0.7823809523809524,0.16771168976655665,0.8416666666666666,0.2056493779875511,0.7833333333333333,0.2242270674512285
389,AAL,ising,61.0,16.852299546352718,0.6723809523809524,0.17073669906661326,0.625,0.15478479684172258,0.7666666666666666,0.24944382578492946
